-- phpMyAdmin SQL Dump
-- version 4.5.4.1deb2ubuntu2.1
-- http://www.phpmyadmin.net
--
-- Host: localhost
-- Generation Time: 2021 年 8 月 19 日 10:25
-- サーバのバージョン： 5.7.33-0ubuntu0.16.04.1
-- PHP Version: 7.0.33-0ubuntu0.16.04.16

SET SQL_MODE = "NO_AUTO_VALUE_ON_ZERO";
SET time_zone = "+00:00";


/*!40101 SET @OLD_CHARACTER_SET_CLIENT=@@CHARACTER_SET_CLIENT */;
/*!40101 SET @OLD_CHARACTER_SET_RESULTS=@@CHARACTER_SET_RESULTS */;
/*!40101 SET @OLD_COLLATION_CONNECTION=@@COLLATION_CONNECTION */;
/*!40101 SET NAMES utf8mb4 */;

--
-- Database: `english_teacher`
--
CREATE DATABASE IF NOT EXISTS `english_teacher` DEFAULT CHARACTER SET utf8mb4 COLLATE utf8mb4_unicode_ci;
USE `english_teacher`;

-- --------------------------------------------------------

--
-- テーブルの構造 `app_type`
--

CREATE TABLE `app_type` (
  `id` int(11) NOT NULL,
  `type` varchar(50) COLLATE utf8mb4_unicode_ci NOT NULL
) ENGINE=InnoDB DEFAULT CHARSET=utf8mb4 COLLATE=utf8mb4_unicode_ci COMMENT='アプリ種別';

--
-- テーブルのデータのダンプ `app_type`
--

INSERT INTO `app_type` (`id`, `type`) VALUES
(1, 'lesson'),
(2, 'app');

-- --------------------------------------------------------

--
-- テーブルの構造 `apps`
--

CREATE TABLE `apps` (
  `id` int(10) NOT NULL,
  `name_en` varchar(100) COLLATE utf8mb4_unicode_ci NOT NULL COMMENT '英語表記',
  `name_ja` varchar(100) COLLATE utf8mb4_unicode_ci NOT NULL COMMENT '日本語表記',
  `image` varchar(500) COLLATE utf8mb4_unicode_ci NOT NULL COMMENT 'アイコン',
  `uuid` varchar(500) COLLATE utf8mb4_unicode_ci DEFAULT NULL COMMENT 'アプリ識別子（コレグラフアプリ）',
  `display_order` int(11) NOT NULL COMMENT '表示順番',
  `number_color_id` int(10) NOT NULL COMMENT '数字の色',
  `type_id` int(10) NOT NULL COMMENT 'アプリタイプ',
  `subcategory_id` int(10) NOT NULL COMMENT '中カテゴリ',
  `category_id` int(10) NOT NULL COMMENT '大カテゴリ'
) ENGINE=InnoDB DEFAULT CHARSET=utf8mb4 COLLATE=utf8mb4_unicode_ci COMMENT='アプリ一覧テーブル';

--
-- テーブルのデータのダンプ `apps`
--

INSERT INTO `apps` (`id`, `name_en`, `name_ja`, `image`, `uuid`, `display_order`, `number_color_id`, `type_id`, `subcategory_id`, `category_id`) VALUES
(1, 'The Great Hill', '', 'http://robotics.sd21.co.jp/nao/apps/english_teacher/image/reading/the_great_hill.jpg', 'english_teacher_apps/the_great_hill', 1, 11, 2, 1, 1),
(2, 'I want a Monkey', '', 'http://robotics.sd21.co.jp/nao/apps/english_teacher/image/reading/i_want_a_monkey.jpg', 'english_teacher_apps/i_want_a_monkey', 2, 11, 2, 1, 1),
(3, 'Yummy Yucky', '', 'http://robotics.sd21.co.jp/nao/apps/english_teacher/image/reading/yummy_yucky.jpg', 'english_teacher_apps/yummy_yucky', 3, 11, 2, 1, 1),
(4, 'Baby Happy Baby Sad', '', 'http://robotics.sd21.co.jp/nao/apps/english_teacher/image/reading/baby_happy_baby_sad.jpg', 'english_teacher_apps/baby_happy_baby_sad', 4, 11, 2, 1, 1),
(5, 'Brown Bear Brown Bear', '', 'http://robotics.sd21.co.jp/nao/apps/english_teacher/image/reading/brown_bear_brown_bear.jpg', 'english_teacher_apps/brown_bear_brown_bear', 5, 11, 2, 1, 1),
(6, 'No hitting!!', '', 'http://robotics.sd21.co.jp/nao/apps/english_teacher/image/reading/no_hitting.jpg', 'english_teacher_apps/no_hitting', 6, 11, 2, 1, 1),
(7, 'Wikki Stix', '', 'http://robotics.sd21.co.jp/nao/apps/english_teacher/image/reading/wikki_stix.jpg', 'english_teacher_apps/wikki_stix', 7, 11, 2, 1, 1),
(22, 'Fruits', '果物', 'https://www.meiji.co.jp/meiji-shokuiku/events/illust/data/illust_190.png', NULL, 0, 1, 1, 4, 1),
(23, 'vegetables', '野菜', 'https://www.meiji.co.jp/meiji-shokuiku/events/illust/data/thumbnail/illust_108.png', NULL, 0, 2, 1, 4, 1),
(24, 'Animals', '動物', 'https://www.meiji.co.jp/meiji-shokuiku/events/illust/data/thumbnail/illust_197.png', NULL, 0, 3, 1, 4, 1),
(25, 'Color', '色', 'https://www.meiji.co.jp/meiji-shokuiku/events/illust/data/thumbnail/illust_309.png', NULL, 0, 4, 1, 4, 1),
(26, 'Shape', '形', 'https://www.meiji.co.jp/meiji-shokuiku/events/illust/data/thumbnail/illust_308.png', NULL, 0, 5, 1, 4, 1),
(27, 'Foods', '食べ物', 'https://www.meiji.co.jp/meiji-shokuiku/events/illust/data/thumbnail/illust_306.png', NULL, 0, 11, 1, 4, 1),
(28, 'Drinks', '飲み物', 'https://www.meiji.co.jp/meiji-shokuiku/events/illust/data/thumbnail/illust_113.png', NULL, 0, 11, 1, 4, 1),
(29, 'Body', '体', 'https://www.meiji.co.jp/meiji-shokuiku/events/illust/data/thumbnail/illust_33.png', NULL, 0, 11, 1, 4, 1),
(30, 'Face', '顔', 'https://www.meiji.co.jp/meiji-shokuiku/events/illust/data/thumbnail/illust_114.png', NULL, 0, 11, 1, 4, 1),
(31, 'Families, People', '家族・人', 'https://www.meiji.co.jp/meiji-shokuiku/events/illust/data/thumbnail/illust_54.png', NULL, 0, 1, 1, 4, 1),
(32, 'Numbers, ordinals', '数、序列', 'https://www.meiji.co.jp/meiji-shokuiku/events/illust/data/illust_240.png', NULL, 0, 2, 1, 4, 1),
(33, 'Calendar, Time, Day', 'カレンダー・時間・一日', 'https://www.meiji.co.jp/meiji-shokuiku/events/illust/data/thumbnail/illust_289.png', NULL, 0, 3, 1, 4, 1),
(34, 'Clothing & Decorations', '衣料・装飾品など', 'https://www.meiji.co.jp/meiji-shokuiku/events/illust/data/thumbnail/illust_165.png', NULL, 0, 4, 1, 4, 1),
(35, 'School', '学校', 'https://www.meiji.co.jp/meiji-shokuiku/events/illust/data/thumbnail/illust_174.png', NULL, 0, 5, 1, 4, 1),
(36, 'Curriculum', '教科', 'http://design-ec.com/d/e_others_50/m_e_others_501.png', NULL, 0, 11, 1, 4, 1),
(37, 'School supplies and stationery', '学用品・文房具', 'http://design-ec.com/d/e_others_50/m_e_others_501.png', NULL, 0, 11, 1, 4, 1),
(38, 'Sports', 'スポーツ', 'https://www.meiji.co.jp/meiji-shokuiku/events/illust/data/thumbnail/illust_305.png', NULL, 0, 11, 1, 4, 1),
(39, 'Music & Instruments', '音楽・楽器', 'http://design-ec.com/d/e_others_50/m_e_others_501.png', NULL, 0, 11, 1, 4, 1),
(40, 'Seasons', '季節', 'http://design-ec.com/d/e_others_50/m_e_others_501.png', NULL, 0, 1, 1, 4, 1),
(41, 'Household & Daily necessities', '家庭・日用品\r\n', 'http://design-ec.com/d/e_others_50/m_e_others_501.png', NULL, 0, 2, 1, 4, 1),
(42, 'Illness', '病気\r\n', 'https://www.meiji.co.jp/meiji-shokuiku/events/illust/data/thumbnail/illust_159.png', NULL, 0, 3, 1, 4, 1),
(43, 'Weather', '天気', 'https://www.meiji.co.jp/meiji-shokuiku/events/illust/data/thumbnail/illust_122.png', NULL, 0, 4, 1, 4, 1),
(44, 'Buildings, Stores, Facilities', '建物・店・施設\r\n', 'http://design-ec.com/d/e_others_50/m_e_others_501.png', NULL, 0, 5, 1, 4, 1),
(45, 'Vehicles', '乗物\r\n', 'http://design-ec.com/d/e_others_50/m_e_others_501.png', NULL, 0, 11, 1, 4, 1),
(46, 'Nature', '自然', 'https://www.meiji.co.jp/meiji-shokuiku/events/illust/data/thumbnail/illust_287.png', NULL, 0, 11, 1, 4, 1),
(47, 'Insects', '昆虫', 'https://upload.wikimedia.org/wikipedia/commons/7/74/Insect_collage.png', NULL, 0, 11, 1, 4, 1),
(48, 'Occupation', '職業', 'https://www.meiji.co.jp/meiji-shokuiku/events/illust/data/thumbnail/illust_258.png', NULL, 0, 11, 1, 4, 1),
(49, 'Country / City\r\n', '国名・都市名など\r\n', 'http://design-ec.com/d/e_others_50/m_e_others_501.png', NULL, 0, 1, 1, 4, 1),
(50, 'Action (verb)', '動作（動詞）\r\n', 'http://design-ec.com/d/e_others_50/m_e_others_501.png', NULL, 0, 2, 1, 4, 1),
(51, 'Adjective', '形容詞\r\n', 'http://design-ec.com/d/e_others_50/m_e_others_501.png', NULL, 0, 3, 1, 4, 1),
(52, 'Direction and Location', '方向・位置\r\n', 'http://design-ec.com/d/e_others_50/m_e_others_501.png', NULL, 0, 4, 1, 4, 1),
(53, 'Prepositions & Adverbs', '前置詞・副詞\r\n', 'http://design-ec.com/d/e_others_50/m_e_others_501.png', NULL, 0, 5, 1, 4, 1),
(54, 'Pronouns\r\n', '代名詞\r\n', 'http://design-ec.com/d/e_others_50/m_e_others_501.png', NULL, 0, 11, 1, 4, 1),
(55, 'Other', 'その他', 'http://design-ec.com/d/e_others_50/m_e_others_501.png', NULL, 0, 11, 1, 4, 1),
(56, 'Alphabet\r\n', 'アルファベット\r\n', 'http://design-ec.com/d/e_others_50/m_e_others_501.png', NULL, 0, 11, 1, 4, 1),
(201, 'Greetings', '挨拶', 'https://semantic-ui.com/images/avatar/small/stevie.jpg', NULL, 0, 11, 2, 10, 2),
(202, 'Number', '数字', 'https://semantic-ui.com/images/avatar/small/stevie.jpg', NULL, 0, 11, 2, 10, 2),
(203, 'Weather', '天気', 'https://semantic-ui.com/images/avatar/small/stevie.jpg', NULL, 0, 11, 2, 10, 2),
(204, 'Animals', '動物', 'https://semantic-ui.com/images/avatar/small/stevie.jpg', NULL, 0, 11, 2, 10, 2),
(205, 'Food', '食べ物', 'https://semantic-ui.com/images/avatar/small/stevie.jpg', NULL, 0, 11, 2, 10, 2),
(206, 'Family', '家族', 'https://semantic-ui.com/images/avatar/small/stevie.jpg', NULL, 0, 11, 2, 10, 2),
(207, 'Color', '色', 'https://semantic-ui.com/images/avatar/small/stevie.jpg', NULL, 0, 11, 2, 10, 2),
(208, 'Home Appliances', '家電', 'https://semantic-ui.com/images/avatar/small/stevie.jpg', NULL, 0, 11, 2, 10, 2),
(209, 'Home', 'お家', 'https://semantic-ui.com/images/avatar/small/stevie.jpg', NULL, 0, 11, 2, 10, 2),
(211, 'Number', '数字', 'https://semantic-ui.com/images/avatar/small/stevie.jpg', NULL, 0, 11, 2, 11, 2),
(212, 'Weather', '天気', 'https://semantic-ui.com/images/avatar/small/stevie.jpg', NULL, 0, 11, 2, 11, 2),
(213, 'Animals', '動物', 'https://semantic-ui.com/images/avatar/small/stevie.jpg', NULL, 0, 11, 2, 11, 2),
(214, 'Food', '食べ物', 'https://semantic-ui.com/images/avatar/small/stevie.jpg', NULL, 0, 11, 2, 11, 2),
(215, 'Family', '家族', 'https://semantic-ui.com/images/avatar/small/stevie.jpg', NULL, 0, 11, 2, 11, 2),
(216, 'Color', '色', 'https://semantic-ui.com/images/avatar/small/stevie.jpg', NULL, 0, 11, 2, 11, 2),
(217, 'Home Appliances', '家電', 'https://semantic-ui.com/images/avatar/small/stevie.jpg', NULL, 0, 11, 2, 11, 2),
(218, 'Greetings', '挨拶', 'https://semantic-ui.com/images/avatar/small/stevie.jpg', NULL, 0, 11, 2, 11, 2),
(219, 'Home', 'お家', 'https://semantic-ui.com/images/avatar/small/stevie.jpg', NULL, 0, 11, 2, 11, 2),
(220, 'Greetings', '挨拶', 'https://semantic-ui.com/images/avatar/small/stevie.jpg', NULL, 0, 11, 2, 12, 2),
(221, 'Number', '数字', 'https://semantic-ui.com/images/avatar/small/stevie.jpg', NULL, 0, 11, 2, 12, 2),
(222, 'Weather', '天気', 'https://semantic-ui.com/images/avatar/small/stevie.jpg', NULL, 0, 11, 2, 12, 2),
(223, 'Animals', '動物', 'https://semantic-ui.com/images/avatar/small/stevie.jpg', NULL, 0, 11, 2, 12, 2),
(224, 'Food', '食べ物', 'https://semantic-ui.com/images/avatar/small/stevie.jpg', NULL, 0, 11, 2, 12, 2),
(225, 'Family', '家族', 'https://semantic-ui.com/images/avatar/small/stevie.jpg', NULL, 0, 11, 2, 12, 2),
(226, 'Color', '色', 'https://semantic-ui.com/images/avatar/small/stevie.jpg', NULL, 0, 11, 2, 12, 2),
(227, 'Home Appliances', '家電', 'https://semantic-ui.com/images/avatar/small/stevie.jpg', NULL, 0, 11, 2, 12, 2),
(228, 'Home', 'お家', 'https://semantic-ui.com/images/avatar/small/stevie.jpg', NULL, 0, 11, 2, 12, 2),
(229, 'Fruits', '果物', 'https://www.meiji.co.jp/meiji-shokuiku/events/illust/data/illust_190.png', NULL, 0, 1, 1, 13, 2),
(230, 'vegetables', '野菜', 'https://www.meiji.co.jp/meiji-shokuiku/events/illust/data/thumbnail/illust_108.png', NULL, 0, 2, 1, 13, 2),
(231, 'Animals', '動物', 'https://www.meiji.co.jp/meiji-shokuiku/events/illust/data/thumbnail/illust_197.png', NULL, 0, 3, 1, 13, 2),
(232, 'Color', '色', 'https://www.meiji.co.jp/meiji-shokuiku/events/illust/data/thumbnail/illust_309.png', NULL, 0, 4, 1, 13, 2),
(233, 'Shape', '形', 'https://www.meiji.co.jp/meiji-shokuiku/events/illust/data/thumbnail/illust_308.png', NULL, 0, 5, 1, 13, 2),
(234, 'Foods', '食べ物', 'https://www.meiji.co.jp/meiji-shokuiku/events/illust/data/thumbnail/illust_306.png', NULL, 0, 11, 1, 13, 2),
(235, 'Drinks', '飲み物', 'https://www.meiji.co.jp/meiji-shokuiku/events/illust/data/thumbnail/illust_113.png', NULL, 0, 11, 1, 13, 2),
(236, 'Body', '体', 'https://www.meiji.co.jp/meiji-shokuiku/events/illust/data/thumbnail/illust_33.png', NULL, 0, 11, 1, 13, 2),
(237, 'Face', '顔', 'https://www.meiji.co.jp/meiji-shokuiku/events/illust/data/thumbnail/illust_114.png', NULL, 0, 11, 1, 13, 2),
(238, 'Families, People', '家族・人', 'https://www.meiji.co.jp/meiji-shokuiku/events/illust/data/thumbnail/illust_54.png', NULL, 0, 1, 1, 13, 2),
(239, 'Numbers, ordinals', '数、序列', 'https://www.meiji.co.jp/meiji-shokuiku/events/illust/data/illust_240.png', NULL, 0, 2, 1, 13, 2),
(240, 'Calendar, Time, Day', 'カレンダー・時間・一日', 'https://www.meiji.co.jp/meiji-shokuiku/events/illust/data/thumbnail/illust_289.png', NULL, 0, 3, 1, 13, 2),
(241, 'Clothing & Decorations', '衣料・装飾品など', 'https://www.meiji.co.jp/meiji-shokuiku/events/illust/data/thumbnail/illust_165.png', NULL, 0, 4, 1, 13, 2),
(242, 'School', '学校', 'https://www.meiji.co.jp/meiji-shokuiku/events/illust/data/thumbnail/illust_174.png', NULL, 0, 5, 1, 13, 2),
(243, 'Curriculum', '教科', 'http://design-ec.com/d/e_others_50/m_e_others_501.png', NULL, 0, 11, 1, 13, 2),
(244, 'School supplies and stationery', '学用品・文房具', 'http://design-ec.com/d/e_others_50/m_e_others_501.png', NULL, 0, 11, 1, 13, 2),
(245, 'Sports', 'スポーツ', 'https://www.meiji.co.jp/meiji-shokuiku/events/illust/data/thumbnail/illust_305.png', NULL, 0, 11, 1, 13, 2),
(246, 'Music & Instruments', '音楽・楽器', 'http://design-ec.com/d/e_others_50/m_e_others_501.png', NULL, 0, 11, 1, 13, 2),
(247, 'Seasons', '季節', 'http://design-ec.com/d/e_others_50/m_e_others_501.png', NULL, 0, 1, 1, 13, 2),
(248, 'Household & Daily necessities', '家庭・日用品\r\n', 'http://design-ec.com/d/e_others_50/m_e_others_501.png', NULL, 0, 2, 1, 13, 2),
(249, 'Illness', '病気\r\n', 'https://www.meiji.co.jp/meiji-shokuiku/events/illust/data/thumbnail/illust_159.png', NULL, 0, 3, 1, 13, 2),
(250, 'Weather', '天気', 'https://www.meiji.co.jp/meiji-shokuiku/events/illust/data/thumbnail/illust_122.png', NULL, 0, 4, 1, 13, 2),
(251, 'Buildings, Stores, Facilities', '建物・店・施設\r\n', 'http://design-ec.com/d/e_others_50/m_e_others_501.png', NULL, 0, 5, 1, 13, 2),
(252, 'Vehicles', '乗物\r\n', 'http://design-ec.com/d/e_others_50/m_e_others_501.png', NULL, 0, 11, 1, 13, 2),
(253, 'Nature', '自然', 'https://www.meiji.co.jp/meiji-shokuiku/events/illust/data/thumbnail/illust_287.png', NULL, 0, 11, 1, 13, 2),
(254, 'Insects', '昆虫', 'https://upload.wikimedia.org/wikipedia/commons/7/74/Insect_collage.png', NULL, 0, 11, 1, 13, 2),
(255, 'Occupation', '職業', 'https://www.meiji.co.jp/meiji-shokuiku/events/illust/data/thumbnail/illust_258.png', NULL, 0, 11, 1, 13, 2),
(256, 'Country / City\r\n', '国名・都市名など\r\n', 'http://design-ec.com/d/e_others_50/m_e_others_501.png', NULL, 0, 1, 1, 13, 2),
(257, 'Action (verb)', '動作（動詞）\r\n', 'http://design-ec.com/d/e_others_50/m_e_others_501.png', NULL, 0, 2, 1, 13, 2),
(258, 'Adjective', '形容詞\r\n', 'http://design-ec.com/d/e_others_50/m_e_others_501.png', NULL, 0, 3, 1, 13, 2),
(259, 'Direction and Location', '方向・位置\r\n', 'http://design-ec.com/d/e_others_50/m_e_others_501.png', NULL, 0, 4, 1, 13, 2),
(260, 'Prepositions & Adverbs', '前置詞・副詞\r\n', 'http://design-ec.com/d/e_others_50/m_e_others_501.png', NULL, 0, 5, 1, 13, 2),
(261, 'Pronouns\r\n', '代名詞\r\n', 'http://design-ec.com/d/e_others_50/m_e_others_501.png', NULL, 0, 11, 1, 13, 2),
(262, 'Other', 'その他', 'http://design-ec.com/d/e_others_50/m_e_others_501.png', NULL, 0, 11, 1, 13, 2),
(263, 'Alphabet\r\n', 'アルファベット\r\n', 'http://design-ec.com/d/e_others_50/m_e_others_501.png', NULL, 0, 11, 1, 13, 2),
(301, 'ABC ', 'ABCの歌', 'http://robotics.sd21.co.jp/nao/apps/english_teacher/image/sing/abc.jpg', 'english_teacher_apps/abc', 0, 11, 2, 19, 3),
(302, 'Twinkle Twinkle Little Star', 'きらきら星', 'http://robotics.sd21.co.jp/nao/apps/english_teacher/image/sing/twinkle_twinkle_little_star.jpg', 'english_teacher_apps/twinkle_twinkle_little_star', 0, 11, 2, 19, 3),
(303, 'Baby Shark', 'サメのかぞく', 'http://robotics.sd21.co.jp/nao/apps/english_teacher/image/sing/baby_shark.jpg', 'english_teacher_apps/baby_shark', 0, 11, 2, 19, 3),
(304, 'Head Shoulders Knees & Toes', 'あたま、かた、ひざ、あし', 'http://robotics.sd21.co.jp/nao/apps/english_teacher/image/sing/head_shoulders_knees_and_toes.jpg', 'english_teacher_apps/head_shoulders_knees_and_toes', 0, 11, 2, 19, 3),
(305, 'Freeze Dance', 'フリーズダンス', 'http://robotics.sd21.co.jp/nao/apps/english_teacher/image/sing/freeze_dance.jpg', 'english_teacher_apps/freeze_dance', 0, 11, 2, 19, 3),
(306, 'Presentation', 'プレゼンテーション', 'https://i2.wp.com/jobhobby.jp/wp-content/uploads/2017/03/stevejobswallpaper-ipad.png?w=1024', 'presantation', 0, 11, 2, 20, 3),
(307, 'Follow me', 'フォローミー', 'https://semantic-ui.com/images/avatar/small/stevie.jpg', 'walk-together-demonstration', 0, 11, 2, 20, 3);

-- --------------------------------------------------------

--
-- テーブルの構造 `category`
--

CREATE TABLE `category` (
  `id` int(10) NOT NULL,
  `name_en` varchar(30) COLLATE utf8mb4_unicode_ci NOT NULL COMMENT '英語表記',
  `name_ja` varchar(30) COLLATE utf8mb4_unicode_ci NOT NULL COMMENT '日本語表記',
  `image` varchar(500) COLLATE utf8mb4_unicode_ci NOT NULL COMMENT 'アイコン',
  `color_id` int(10) NOT NULL COMMENT 'テーマカラー'
) ENGINE=InnoDB DEFAULT CHARSET=utf8mb4 COLLATE=utf8mb4_unicode_ci COMMENT='大カテゴリテーブル';

--
-- テーブルのデータのダンプ `category`
--

INSERT INTO `category` (`id`, `name_en`, `name_ja`, `image`, `color_id`) VALUES
(1, 'Listen', '聞く', 'https://semantic-ui.com/images/avatar/small/joe.jpg', 6),
(2, 'Talk', '話す', 'https://semantic-ui.com/images/avatar/small/elliot.jpg', 7),
(3, 'Play', '遊ぶ', 'https://semantic-ui.com/images/avatar/small/stevie.jpg', 8),
(4, 'Test', 'テスト', 'https://semantic-ui.com/images/avatar/small/ade.jpg', 14),
(5, 'Other', 'その他', 'https://semantic-ui.com/images/avatar/small/zoe.jpg', 13);

-- --------------------------------------------------------

--
-- テーブルの構造 `color`
--

CREATE TABLE `color` (
  `id` int(11) NOT NULL,
  `color` varchar(50) COLLATE utf8mb4_unicode_ci NOT NULL COMMENT '色',
  `remark` varchar(100) COLLATE utf8mb4_unicode_ci DEFAULT NULL COMMENT '備考'
) ENGINE=InnoDB DEFAULT CHARSET=utf8mb4 COLLATE=utf8mb4_unicode_ci;

--
-- テーブルのデータのダンプ `color`
--

INSERT INTO `color` (`id`, `color`, `remark`) VALUES
(1, 'red', NULL),
(2, 'green', NULL),
(3, 'blue', NULL),
(4, 'maroon', NULL),
(5, 'purple', NULL),
(6, 'royalblue', NULL),
(7, 'khaki', NULL),
(8, 'darkturquoise', NULL),
(9, 'lavender', NULL),
(10, 'aquamarine', NULL),
(11, 'black', NULL),
(12, 'cadetblue', NULL),
(13, 'crimson', NULL),
(14, 'antiquewhite', NULL);

-- --------------------------------------------------------

--
-- テーブルの構造 `lesson`
--

CREATE TABLE `lesson` (
  `id` int(11) NOT NULL,
  `word` varchar(1000) COLLATE utf8mb4_unicode_ci NOT NULL COMMENT '単語',
  `app_id` int(11) NOT NULL COMMENT 'apps テーブル id'
) ENGINE=InnoDB DEFAULT CHARSET=utf8mb4 COLLATE=utf8mb4_unicode_ci;

--
-- テーブルのデータのダンプ `lesson`
--

INSERT INTO `lesson` (`id`, `word`, `app_id`) VALUES
(1, 'fruit', 22),
(2, 'apple', 22),
(3, 'banana', 22),
(4, 'grape', 22),
(5, 'lemon', 22),
(6, 'melon', 22),
(7, 'orange', 22),
(8, 'peach', 22),
(9, 'pear', 22),
(10, 'strawberry', 22),
(11, 'watermelon', 22),
(12, 'acerola', 22),
(13, 'akebia', 22),
(14, 'avocado', 22),
(15, 'cherry', 22),
(16, 'coconut', 22),
(17, 'cranberry', 22),
(18, 'dragon fruit', 22),
(19, 'durian', 22),
(20, 'fig', 22),
(21, 'grapefruit', 22),
(22, 'guarana', 22),
(23, 'Japanese apricot', 22),
(24, 'kiwi', 22),
(25, 'lime', 22),
(26, 'loquat', 22),
(27, 'mandarin', 22),
(28, 'mango', 22),
(29, 'mangosteen', 22),
(30, 'papaya', 22),
(31, 'passionfruit', 22),
(32, 'persimmon', 22),
(33, 'pineapple', 22),
(34, 'pomegranate', 22),
(35, 'prune', 22),
(36, 'star fruit', 22),
(37, 'vegetable', 23),
(38, 'cabbage', 23),
(39, 'carrot', 23),
(40, 'corn', 23),
(41, 'cucumber', 23),
(42, 'eggplant', 23),
(43, 'green pepper', 23),
(44, 'lettuce', 23),
(45, 'onion', 23),
(46, 'potato', 23),
(47, 'pumpkin', 23),
(48, 'spinach', 23),
(49, 'tomato', 23),
(50, 'Asparagus', 23),
(51, 'Bamboo Shoot', 23),
(52, 'Basil', 23),
(53, 'Bean Sprouts', 23),
(54, 'Chili Pepper', 23),
(55, 'Bitter Melon', 23),
(56, 'Broad Bean', 23),
(57, 'Broccoli', 23),
(58, 'Butterbur Shoot', 23),
(59, 'Cauliflower', 23),
(60, 'Celery', 23),
(61, 'Chinese cabbage', 23),
(62, 'Chinese Chives', 23),
(63, 'Cloud Ear', 23),
(64, 'Coriander', 23),
(65, 'Edible Burdock', 23),
(66, 'Enoki Mushroom', 23),
(67, 'Garden Pea', 23),
(68, 'Garlic', 23),
(69, 'Ginger', 23),
(70, 'Green Pea', 23),
(71, 'Green Soybean', 23),
(72, 'Japanese Yam', 23),
(73, 'Lotus Root', 23),
(74, 'Maitake Mushroom', 23),
(75, 'Matsutake Mushroom', 23),
(76, 'Mulukhiyah', 23),
(77, 'Mushroom', 23),
(78, 'Okra', 23),
(79, 'Parsley', 23),
(80, 'Radish', 23),
(81, 'Radish Sprouts', 23),
(82, 'Scallion', 23),
(83, 'Sesame', 23),
(84, 'Shiitake Mushroom', 23),
(85, 'Shimeji', 23),
(86, 'Shiso Perilla', 23),
(87, 'Soybean', 23),
(88, 'Sweet Potato', 23),
(89, 'Taro Root', 23),
(90, 'Turnip', 23),
(91, 'Welsh Onion', 23),
(92, 'Zucchini', 23),
(93, 'animal', 24),
(94, 'bear', 24),
(95, 'bird', 24),
(96, 'cat', 24),
(97, 'cow', 24),
(98, 'deer', 24),
(99, 'dog', 24),
(100, 'elephant', 24),
(101, 'fish', 24),
(102, 'fox', 24),
(103, 'frog', 24),
(104, 'giraffe', 24),
(105, 'horse', 24),
(106, 'kangaroo', 24),
(107, 'koala', 24),
(108, 'lion', 24),
(109, 'monkey', 24),
(110, 'mouse', 24),
(111, 'penguin', 24),
(112, 'pig', 24),
(113, 'rabbit', 24),
(114, 'sheep', 24),
(115, 'snake', 24),
(116, 'tiger', 24),
(117, 'turtle', 24),
(118, 'whale', 24),
(119, 'wolf', 24),
(120, 'color', 25),
(121, 'black', 25),
(122, 'blue', 25),
(123, 'brown', 25),
(124, 'gray', 25),
(125, 'green', 25),
(126, 'orange', 25),
(127, 'pink', 25),
(128, 'purple', 25),
(129, 'red', 25),
(130, 'sky blue', 25),
(131, 'yellow', 25),
(132, 'white', 25),
(133, 'gold', 25),
(134, 'silver', 25),
(135, 'Cooper', 25),
(136, 'Rainbow', 25),
(137, 'body', 29),
(138, 'arm', 29),
(139, 'bottom', 29),
(140, 'chest', 29),
(141, 'elbow', 29),
(142, 'finger', 29),
(143, 'foot', 29),
(144, 'hand', 29),
(145, 'head', 29),
(146, 'heel', 29),
(147, 'knee', 29),
(148, 'leg', 29),
(149, 'neck', 29),
(150, 'shoulder', 29),
(151, 'stomach', 29),
(152, 'toe', 29),
(153, 'waist', 29),
(154, 'face', 30),
(155, 'cheek', 30),
(156, 'chin', 30),
(157, 'ear', 30),
(158, 'eye', 30),
(159, 'eyebrow', 30),
(160, 'hair', 30),
(161, 'lip', 30),
(162, 'mouth', 30),
(163, 'nose', 30),
(164, 'tooth', 30),
(165, 'one', 32),
(166, 'two', 32),
(167, 'three', 32),
(168, 'four', 32),
(169, 'five', 32),
(170, 'six', 32),
(171, 'seven', 32),
(172, 'eight', 32),
(173, 'nine', 32),
(174, 'ten', 32),
(175, 'eleven', 32),
(176, 'twelve', 32),
(177, 'thirteen', 32),
(178, 'fourteen', 32),
(179, 'fifteen', 32),
(180, 'sixteen', 32),
(181, 'seventeen', 32),
(182, 'eighteen', 32),
(183, 'nineteen', 32),
(184, 'twenty', 32),
(185, 'twenty one', 32),
(186, 'twenty two', 32),
(187, 'twenty three', 32),
(188, 'twenty four', 32),
(189, 'twenty five', 32),
(190, 'twenty six', 32),
(191, 'twenty seven', 32),
(192, 'twenty eight', 32),
(193, 'twenty nine', 32),
(194, 'thirty', 32),
(195, 'thirty one', 32),
(196, 'thirty two', 32),
(197, 'thirty three', 32),
(198, 'thirty four', 32),
(199, 'thirty five', 32),
(200, 'thirty six', 32),
(201, 'thirty seven', 32),
(202, 'thirty eight', 32),
(203, 'thirty nine', 32),
(204, 'forty', 32),
(205, 'forty one', 32),
(206, 'forty two', 32),
(207, 'forty three', 32),
(208, 'forty four', 32),
(209, 'forty five', 32),
(210, 'forty six', 32),
(211, 'forty seven', 32),
(212, 'forty eight', 32),
(213, 'forty nine', 32),
(214, 'fifty', 32),
(215, 'fifty one', 32),
(216, 'fifty two', 32),
(217, 'fifty three', 32),
(218, 'fifty four', 32),
(219, 'fifty five', 32),
(220, 'fifty six', 32),
(221, 'fifty seven', 32),
(222, 'fifty eight', 32),
(223, 'fifty nine', 32),
(224, 'sixty', 32),
(225, 'sixty one', 32),
(226, 'sixty two', 32),
(227, 'sixty three', 32),
(228, 'sixty four', 32),
(229, 'sixty five', 32),
(230, 'sixty six', 32),
(231, 'sixty seven', 32),
(232, 'sixty eight', 32),
(233, 'sixty nine', 32),
(234, 'seventy', 32),
(235, 'seventy one', 32),
(236, 'seventy two', 32),
(237, 'seventy three', 32),
(238, 'seventy four', 32),
(239, 'seventy five', 32),
(240, 'seventy six', 32),
(241, 'seventy seven', 32),
(242, 'seventy eight', 32),
(243, 'seventy nine', 32),
(244, 'eighty', 32),
(245, 'eighty one', 32),
(246, 'eighty two', 32),
(247, 'eighty three', 32),
(248, 'eighty four', 32),
(249, 'eighty five', 32),
(250, 'eighty six', 32),
(251, 'eighty seven', 32),
(252, 'eighty eight', 32),
(253, 'eighty nine', 32),
(254, 'ninety', 32),
(255, 'ninety one', 32),
(256, 'ninety two', 32),
(257, 'ninety three', 32),
(258, 'ninety four', 32),
(259, 'ninety five', 32),
(260, 'ninety six', 32),
(261, 'ninety seven', 32),
(262, 'ninety eight', 32),
(263, 'ninety nine', 32),
(264, 'one hundred', 32),
(265, 'sport', 38),
(266, 'badminton', 38),
(267, 'baseball', 38),
(268, 'basketball', 38),
(269, 'softball', 38),
(270, 'judo', 38),
(271, 'karate', 38),
(272, 'kendo', 38),
(273, 'table tennis', 38),
(274, 'rugby', 38),
(275, 'skating', 38),
(276, 'skiing', 38),
(277, 'soccer', 38),
(278, 'sumo', 38),
(279, 'swimming', 38),
(280, 'tennis', 38),
(281, 'volleyball', 38),
(282, 'golf', 38),
(283, 'hockey', 38),
(284, 'wrestling', 38),
(285, 'boxing', 38),
(286, 'fencing', 38),
(287, 'archery', 38),
(288, 'skateboard', 38),
(289, 'cycling', 38),
(290, 'equestrian', 38),
(291, 'shooting', 38),
(292, 'sport climbing', 38),
(293, 'weightlifting', 38),
(294, 'taekwondo', 38),
(295, 'trampoline', 38),
(296, 'surfing', 38),
(297, 'canoe', 38),
(298, 'rowing', 38),
(299, 'airplane', 45),
(300, 'bicycle', 45),
(301, 'boat', 45),
(302, 'bus', 45),
(303, 'car', 45),
(304, 'ship', 45),
(305, 'subway', 45),
(306, 'taxi', 45),
(307, 'train', 45),
(308, 'truck', 45),
(309, 'raft', 45),
(310, 'unicycle', 45),
(311, 'motorcycle', 45),
(312, 'balloon', 45),
(313, 'ambulance', 45),
(314, 'tricycle', 45),
(315, 'bicycle', 45),
(316, 'car', 45),
(317, 'fire truck', 45),
(318, 'submarine', 45),
(319, 'railway', 45),
(320, 'tire', 45),
(321, 'police car', 45),
(322, 'crossing', 45),
(323, 'baby carriage', 45),
(324, 'helicopter', 45),
(325, 'yacht', 45),
(326, 'ant', 47),
(327, 'bee', 47),
(328, 'butterfly', 47),
(329, 'dragonfly', 47),
(330, 'ladybug', 47),
(331, 'water strider', 47),
(332, 'caterpillar', 47),
(333, 'mosquito', 47),
(334, 'moth', 47),
(335, 'snail', 47),
(336, 'beetle', 47),
(337, 'mantis', 47),
(338, 'spider', 47),
(339, 'spiderweb', 47),
(340, 'stag beetle', 47),
(341, 'cricket', 47),
(342, 'scarab', 47),
(343, 'cockroach', 47),
(344, 'scorpion', 47),
(345, 'white ant', 47),
(346, 'beehive', 47),
(347, 'cicada', 47),
(348, 'tick', 47),
(349, 'pill bug', 47),
(350, 'slug', 47),
(351, 'flea', 47),
(352, 'fly', 47),
(353, 'firefly', 47),
(354, 'honeycomb', 47),
(355, 'grasshopper', 47),
(356, 'bagworm', 47),
(357, 'earthworm', 47),
(358, 'centipede', 47),
(359, 'announcer', 48),
(360, 'astronaut', 48),
(361, 'artist', 48),
(362, 'baker', 48),
(363, 'baseball player', 48),
(364, 'cook', 48),
(365, 'carpenter', 48),
(366, 'doctor', 48),
(367, 'farmer', 48),
(368, 'fisherman', 48),
(369, 'nurse', 48),
(370, 'pianist', 48),
(371, 'pilot', 48),
(372, 'police officer', 48),
(373, 'scientist', 48),
(374, 'singer', 48),
(375, 'teacher', 48),
(376, 'doctor', 48),
(377, 'researcher', 48),
(378, 'journalist', 48),
(379, 'writer', 48),
(380, 'cameraman', 48),
(381, 'firefighter', 48),
(382, 'police officer', 48),
(383, 'fright attendant', 48),
(384, 'Beautician', 48),
(385, 'Designer', 48),
(386, 'Florist', 48),
(387, 'Cake shop', 48),
(388, 'A', 56),
(389, 'B', 56),
(390, 'C', 56),
(391, 'D', 56),
(392, 'E', 56),
(393, 'F', 56),
(394, 'G', 56),
(395, 'H', 56),
(396, 'I', 56),
(397, 'J', 56),
(398, 'K', 56),
(399, 'L', 56),
(400, 'M', 56),
(401, 'N', 56),
(402, 'O', 56),
(403, 'P', 56),
(404, 'Q', 56),
(405, 'R', 56),
(406, 'S', 56),
(407, 'T', 56),
(408, 'U', 56),
(409, 'V', 56),
(410, 'W', 56),
(411, 'X', 56),
(412, 'Y', 56),
(413, 'Z', 56),
(414, 'a', 56),
(415, 'b', 56),
(416, 'c', 56),
(417, 'd', 56),
(418, 'e', 56),
(419, 'f', 56),
(420, 'g', 56),
(421, 'h', 56),
(422, 'i', 56),
(423, 'j', 56),
(424, 'k', 56),
(425, 'l', 56),
(426, 'm', 56),
(427, 'n', 56),
(428, 'o', 56),
(429, 'p', 56),
(430, 'q', 56),
(431, 'r', 56),
(432, 's', 56),
(433, 't', 56),
(434, 'u', 56),
(435, 'v', 56),
(436, 'w', 56),
(437, 'x', 56),
(438, 'y', 56),
(439, 'z', 56),
(440, 'fruit', 229),
(441, 'apple', 229),
(442, 'banana', 229),
(443, 'grape', 229),
(444, 'lemon', 229),
(445, 'melon', 229),
(446, 'orange', 229),
(447, 'peach', 229),
(448, 'pear', 229),
(449, 'strawberry', 229),
(450, 'watermelon', 229),
(451, 'acerola', 229),
(452, 'akebia', 229),
(453, 'avocado', 229),
(454, 'cherry', 229),
(455, 'coconut', 229),
(456, 'cranberry', 229),
(457, 'dragon fruit', 229),
(458, 'durian', 229),
(459, 'fig', 229),
(460, 'grapefruit', 229),
(461, 'guarana', 229),
(462, 'Japanese apricot', 229),
(463, 'kiwi', 229),
(464, 'lime', 229),
(465, 'loquat', 229),
(466, 'mandarin', 229),
(467, 'mango', 229),
(468, 'mangosteen', 229),
(469, 'papaya', 229),
(470, 'passionfruit', 229),
(471, 'persimmon', 229),
(472, 'pineapple', 229),
(473, 'pomegranate', 229),
(474, 'prune', 229),
(475, 'star fruit', 229),
(476, 'vegetable', 230),
(477, 'cabbage', 230),
(478, 'carrot', 230),
(479, 'corn', 230),
(480, 'cucumber', 230),
(481, 'eggplant', 230),
(482, 'green pepper', 230),
(483, 'lettuce', 230),
(484, 'onion', 230),
(485, 'potato', 230),
(486, 'pumpkin', 230),
(487, 'spinach', 230),
(488, 'tomato', 230),
(489, 'Asparagus', 230),
(490, 'Bamboo Shoot', 230),
(491, 'Basil', 230),
(492, 'Bean Sprouts', 230),
(493, 'Chili Pepper', 230),
(494, 'Bitter Melon', 230),
(495, 'Broad Bean', 230),
(496, 'Broccoli', 230),
(497, 'Butterbur Shoot', 230),
(498, 'Cauliflower', 230),
(499, 'Celery', 230),
(500, 'Chinese cabbage', 230),
(501, 'Chinese Chives', 230),
(502, 'Cloud Ear', 230),
(503, 'Coriander', 230),
(504, 'Edible Burdock', 230),
(505, 'Enoki Mushroom', 230),
(506, 'Garden Pea', 230),
(507, 'Garlic', 230),
(508, 'Ginger', 230),
(509, 'Green Pea', 230),
(510, 'Green Soybean', 230),
(511, 'Japanese Yam', 230),
(512, 'Lotus Root', 230),
(513, 'Maitake Mushroom', 230),
(514, 'Matsutake Mushroom', 230),
(515, 'Mulukhiyah', 230),
(516, 'Mushroom', 230),
(517, 'Okra', 230),
(518, 'Parsley', 230),
(519, 'Radish', 230),
(520, 'Radish Sprouts', 230),
(521, 'Scallion', 230),
(522, 'Sesame', 230),
(523, 'Shiitake Mushroom', 230),
(524, 'Shimeji', 230),
(525, 'Shiso Perilla', 230),
(526, 'Soybean', 230),
(527, 'Sweet Potato', 230),
(528, 'Taro Root', 230),
(529, 'Turnip', 230),
(530, 'Welsh Onion', 230),
(531, 'Zucchini', 230),
(532, 'animal', 231),
(533, 'bear', 231),
(534, 'bird', 231),
(535, 'cat', 231),
(536, 'cow', 231),
(537, 'deer', 231),
(538, 'dog', 231),
(539, 'elephant', 231),
(540, 'fish', 231),
(541, 'fox', 231),
(542, 'frog', 231),
(543, 'giraffe', 231),
(544, 'horse', 231),
(545, 'kangaroo', 231),
(546, 'koala', 231),
(547, 'lion', 231),
(548, 'monkey', 231),
(549, 'mouse', 231),
(550, 'penguin', 231),
(551, 'pig', 231),
(552, 'rabbit', 231),
(553, 'sheep', 231),
(554, 'snake', 231),
(555, 'tiger', 231),
(556, 'turtle', 231),
(557, 'whale', 231),
(558, 'wolf', 231),
(559, 'color', 232),
(560, 'black', 232),
(561, 'blue', 232),
(562, 'brown', 232),
(563, 'gray', 232),
(564, 'green', 232),
(565, 'orange', 232),
(566, 'pink', 232),
(567, 'purple', 232),
(568, 'red', 232),
(569, 'sky blue', 232),
(570, 'yellow', 232),
(571, 'white', 232),
(572, 'gold', 232),
(573, 'silver', 232),
(574, 'Cooper', 232),
(575, 'Rainbow', 232),
(576, 'body', 236),
(577, 'arm', 236),
(578, 'bottom', 236),
(579, 'chest', 236),
(580, 'elbow', 236),
(581, 'finger', 236),
(582, 'foot', 236),
(583, 'hand', 236),
(584, 'head', 236),
(585, 'heel', 236),
(586, 'knee', 236),
(587, 'leg', 236),
(588, 'neck', 236),
(589, 'shoulder', 236),
(590, 'stomach', 236),
(591, 'toe', 236),
(592, 'waist', 236),
(593, 'face', 237),
(594, 'cheek', 237),
(595, 'chin', 237),
(596, 'ear', 237),
(597, 'eye', 237),
(598, 'eyebrow', 237),
(599, 'hair', 237),
(600, 'lip', 237),
(601, 'mouth', 237),
(602, 'nose', 237),
(603, 'tooth', 237),
(604, 'one', 239),
(605, 'two', 239),
(606, 'three', 239),
(607, 'four', 239),
(608, 'five', 239),
(609, 'six', 239),
(610, 'seven', 239),
(611, 'eight', 239),
(612, 'nine', 239),
(613, 'ten', 239),
(614, 'eleven', 239),
(615, 'twelve', 239),
(616, 'thirteen', 239),
(617, 'fourteen', 239),
(618, 'fifteen', 239),
(619, 'sixteen', 239),
(620, 'seventeen', 239),
(621, 'eighteen', 239),
(622, 'nineteen', 239),
(623, 'twenty', 239),
(624, 'twenty one', 239),
(625, 'twenty two', 239),
(626, 'twenty three', 239),
(627, 'twenty four', 239),
(628, 'twenty five', 239),
(629, 'twenty six', 239),
(630, 'twenty seven', 239),
(631, 'twenty eight', 239),
(632, 'twenty nine', 239),
(633, 'thirty', 239),
(634, 'thirty one', 239),
(635, 'thirty two', 239),
(636, 'thirty three', 239),
(637, 'thirty four', 239),
(638, 'thirty five', 239),
(639, 'thirty six', 239),
(640, 'thirty seven', 239),
(641, 'thirty eight', 239),
(642, 'thirty nine', 239),
(643, 'forty', 239),
(644, 'forty one', 239),
(645, 'forty two', 239),
(646, 'forty three', 239),
(647, 'forty four', 239),
(648, 'forty five', 239),
(649, 'forty six', 239),
(650, 'forty seven', 239),
(651, 'forty eight', 239),
(652, 'forty nine', 239),
(653, 'fifty', 239),
(654, 'fifty one', 239),
(655, 'fifty two', 239),
(656, 'fifty three', 239),
(657, 'fifty four', 239),
(658, 'fifty five', 239),
(659, 'fifty six', 239),
(660, 'fifty seven', 239),
(661, 'fifty eight', 239),
(662, 'fifty nine', 239),
(663, 'sixty', 239),
(664, 'sixty one', 239),
(665, 'sixty two', 239),
(666, 'sixty three', 239),
(667, 'sixty four', 239),
(668, 'sixty five', 239),
(669, 'sixty six', 239),
(670, 'sixty seven', 239),
(671, 'sixty eight', 239),
(672, 'sixty nine', 239),
(673, 'seventy', 239),
(674, 'seventy one', 239),
(675, 'seventy two', 239),
(676, 'seventy three', 239),
(677, 'seventy four', 239),
(678, 'seventy five', 239),
(679, 'seventy six', 239),
(680, 'seventy seven', 239),
(681, 'seventy eight', 239),
(682, 'seventy nine', 239),
(683, 'eighty', 239),
(684, 'eighty one', 239),
(685, 'eighty two', 239),
(686, 'eighty three', 239),
(687, 'eighty four', 239),
(688, 'eighty five', 239),
(689, 'eighty six', 239),
(690, 'eighty seven', 239),
(691, 'eighty eight', 239),
(692, 'eighty nine', 239),
(693, 'ninety', 239),
(694, 'ninety one', 239),
(695, 'ninety two', 239),
(696, 'ninety three', 239),
(697, 'ninety four', 239),
(698, 'ninety five', 239),
(699, 'ninety six', 239),
(700, 'ninety seven', 239),
(701, 'ninety eight', 239),
(702, 'ninety nine', 239),
(703, 'one hundred', 239),
(704, 'sport', 245),
(705, 'badminton', 245),
(706, 'baseball', 245),
(707, 'basketball', 245),
(708, 'softball', 245),
(709, 'judo', 245),
(710, 'karate', 245),
(711, 'kendo', 245),
(712, 'table tennis', 245),
(713, 'rugby', 245),
(714, 'skating', 245),
(715, 'skiing', 245),
(716, 'soccer', 245),
(717, 'sumo', 245),
(718, 'swimming', 245),
(719, 'tennis', 245),
(720, 'volleyball', 245),
(721, 'golf', 245),
(722, 'hockey', 245),
(723, 'wrestling', 245),
(724, 'boxing', 245),
(725, 'fencing', 245),
(726, 'archery', 245),
(727, 'skateboard', 245),
(728, 'cycling', 245),
(729, 'equestrian', 245),
(730, 'shooting', 245),
(731, 'sport climbing', 245),
(732, 'weightlifting', 245),
(733, 'taekwondo', 245),
(734, 'trampoline', 245),
(735, 'surfing', 245),
(736, 'canoe', 245),
(737, 'rowing', 245),
(738, 'airplane', 252),
(739, 'bicycle', 252),
(740, 'boat', 252),
(741, 'bus', 252),
(742, 'car', 252),
(743, 'ship', 252),
(744, 'subway', 252),
(745, 'taxi', 252),
(746, 'train', 252),
(747, 'truck', 252),
(748, 'raft', 252),
(749, 'unicycle', 252),
(750, 'motorcycle', 252),
(751, 'balloon', 252),
(752, 'ambulance', 252),
(753, 'tricycle', 252),
(754, 'bicycle', 252),
(755, 'car', 252),
(756, 'fire truck', 252),
(757, 'submarine', 252),
(758, 'railway', 252),
(759, 'tire', 252),
(760, 'police car', 252),
(761, 'crossing', 252),
(762, 'baby carriage', 252),
(763, 'helicopter', 252),
(764, 'yacht', 252),
(765, 'ant', 254),
(766, 'bee', 254),
(767, 'butterfly', 254),
(768, 'dragonfly', 254),
(769, 'ladybug', 254),
(770, 'water strider', 254),
(771, 'caterpillar', 254),
(772, 'mosquito', 254),
(773, 'moth', 254),
(774, 'snail', 254),
(775, 'beetle', 254),
(776, 'mantis', 254),
(777, 'spider', 254),
(778, 'spiderweb', 254),
(779, 'stag beetle', 254),
(780, 'cricket', 254),
(781, 'scarab', 254),
(782, 'cockroach', 254),
(783, 'scorpion', 254),
(784, 'white ant', 254),
(785, 'beehive', 254),
(786, 'cicada', 254),
(787, 'tick', 254),
(788, 'pill bug', 254),
(789, 'slug', 254),
(790, 'flea', 254),
(791, 'fly', 254),
(792, 'firefly', 254),
(793, 'honeycomb', 254),
(794, 'grasshopper', 254),
(795, 'bagworm', 254),
(796, 'earthworm', 254),
(797, 'centipede', 254),
(798, 'announcer', 255),
(799, 'astronaut', 255),
(800, 'artist', 255),
(801, 'baker', 255),
(802, 'baseball player', 255),
(803, 'cook', 255),
(804, 'carpenter', 255),
(805, 'doctor', 255),
(806, 'farmer', 255),
(807, 'fisherman', 255),
(808, 'nurse', 255),
(809, 'pianist', 255),
(810, 'pilot', 255),
(811, 'police officer', 255),
(812, 'scientist', 255),
(813, 'singer', 255),
(814, 'teacher', 255),
(815, 'doctor', 255),
(816, 'researcher', 255),
(817, 'journalist', 255),
(818, 'writer', 255),
(819, 'cameraman', 255),
(820, 'firefighter', 255),
(821, 'police officer', 255),
(822, 'fright attendant', 255),
(823, 'Beautician', 255),
(824, 'Designer', 255),
(825, 'Florist', 255),
(826, 'Cake shop', 255),
(827, 'A', 263),
(828, 'B', 263),
(829, 'C', 263),
(830, 'D', 263),
(831, 'E', 263),
(832, 'F', 263),
(833, 'G', 263),
(834, 'H', 263),
(835, 'I', 263),
(836, 'J', 263),
(837, 'K', 263),
(838, 'L', 263),
(839, 'M', 263),
(840, 'N', 263),
(841, 'O', 263),
(842, 'P', 263),
(843, 'Q', 263),
(844, 'R', 263),
(845, 'S', 263),
(846, 'T', 263),
(847, 'U', 263),
(848, 'V', 263),
(849, 'W', 263),
(850, 'X', 263),
(851, 'Y', 263),
(852, 'Z', 263),
(853, 'a', 263),
(854, 'b', 263),
(855, 'c', 263),
(856, 'd', 263),
(857, 'e', 263),
(858, 'f', 263),
(859, 'g', 263),
(860, 'h', 263),
(861, 'i', 263),
(862, 'j', 263),
(863, 'k', 263),
(864, 'l', 263),
(865, 'm', 263),
(866, 'n', 263),
(867, 'o', 263),
(868, 'p', 263),
(869, 'q', 263),
(870, 'r', 263),
(871, 's', 263),
(872, 't', 263),
(873, 'u', 263),
(874, 'v', 263),
(875, 'w', 263),
(876, 'x', 263),
(877, 'y', 263),
(878, 'z', 263);

-- --------------------------------------------------------

--
-- テーブルの構造 `prologue_epilogue`
--

CREATE TABLE `prologue_epilogue` (
  `id` int(11) NOT NULL,
  `content` text COLLATE utf8mb4_unicode_ci NOT NULL,
  `type` varchar(100) COLLATE utf8mb4_unicode_ci NOT NULL COMMENT 'プロローグまたはエピローグ',
  `category_id` int(11) NOT NULL
) ENGINE=InnoDB DEFAULT CHARSET=utf8mb4 COLLATE=utf8mb4_unicode_ci COMMENT='プロローグとエピローグ';

--
-- テーブルのデータのダンプ `prologue_epilogue`
--

INSERT INTO `prologue_epilogue` (`id`, `content`, `type`, `category_id`) VALUES
(1, 'I\'ll read the words aloud from now on. Please listen carefully and remember.', 'prologue', 1),
(2, 'I\'ll finish reading the words', 'epilogue', 1),
(3, 'Let\'s repeat the words I repeat. Well then, let\'s go.', 'prologue', 2),
(4, 'You did your best to talk. Let\'s do our best again.', 'epilogue', 2);

-- --------------------------------------------------------

--
-- テーブルの構造 `subcategory`
--

CREATE TABLE `subcategory` (
  `id` int(10) NOT NULL,
  `name_en` varchar(50) COLLATE utf8mb4_unicode_ci NOT NULL COMMENT '英語表記',
  `name_ja` varchar(50) COLLATE utf8mb4_unicode_ci NOT NULL COMMENT '日本語表記',
  `image` varchar(500) COLLATE utf8mb4_unicode_ci NOT NULL COMMENT 'アイコン',
  `category_id` int(10) NOT NULL COMMENT '大カテゴリ'
) ENGINE=InnoDB DEFAULT CHARSET=utf8mb4 COLLATE=utf8mb4_unicode_ci COMMENT='中カテゴリテーブル';

--
-- テーブルのデータのダンプ `subcategory`
--

INSERT INTO `subcategory` (`id`, `name_en`, `name_ja`, `image`, `category_id`) VALUES
(1, 'Children\'s Book 1', '絵本（年少）', 'https://semantic-ui.com/images/avatar/small/stevie.jpg', 1),
(2, 'Children\'s Book 2', '絵本（年中）', 'https://semantic-ui.com/images/avatar/small/stevie.jpg', 1),
(3, 'Children\'s Book 3', '絵本（年長）', 'https://semantic-ui.com/images/avatar/small/stevie.jpg', 1),
(4, 'Word Study 1', '単語学習1', 'https://semantic-ui.com/images/avatar/small/stevie.jpg', 1),
(10, 'Practice 1', '会話練習（年少）', 'https://semantic-ui.com/images/avatar/small/stevie.jpg', 2),
(11, 'Practice 2', '会話練習（年中）', 'https://semantic-ui.com/images/avatar/small/stevie.jpg', 2),
(12, 'Practice 3', '会話練習（年長）', 'https://semantic-ui.com/images/avatar/small/stevie.jpg', 2),
(13, 'Word Study 1', '単語学習1', 'https://semantic-ui.com/images/avatar/small/stevie.jpg', 2),
(19, 'Song', '歌', 'https://semantic-ui.com/images/avatar/small/stevie.jpg', 3),
(20, 'Other', 'その他', 'https://semantic-ui.com/images/avatar/small/stevie.jpg', 3);

--
-- Indexes for dumped tables
--

--
-- Indexes for table `app_type`
--
ALTER TABLE `app_type`
  ADD PRIMARY KEY (`id`);

--
-- Indexes for table `apps`
--
ALTER TABLE `apps`
  ADD PRIMARY KEY (`id`),
  ADD KEY `subcategory_id` (`subcategory_id`,`category_id`),
  ADD KEY `number_color_id` (`number_color_id`,`type_id`),
  ADD KEY `number_color_id_2` (`number_color_id`,`type_id`,`subcategory_id`,`category_id`),
  ADD KEY `type_id` (`type_id`),
  ADD KEY `category_id` (`category_id`);

--
-- Indexes for table `category`
--
ALTER TABLE `category`
  ADD PRIMARY KEY (`id`),
  ADD KEY `color_id` (`color_id`);

--
-- Indexes for table `color`
--
ALTER TABLE `color`
  ADD PRIMARY KEY (`id`);

--
-- Indexes for table `lesson`
--
ALTER TABLE `lesson`
  ADD PRIMARY KEY (`id`),
  ADD KEY `app_id` (`app_id`),
  ADD KEY `app_id_2` (`app_id`);

--
-- Indexes for table `prologue_epilogue`
--
ALTER TABLE `prologue_epilogue`
  ADD UNIQUE KEY `id` (`id`),
  ADD KEY `category_id` (`category_id`),
  ADD KEY `category_id_2` (`category_id`);

--
-- Indexes for table `subcategory`
--
ALTER TABLE `subcategory`
  ADD PRIMARY KEY (`id`),
  ADD KEY `category_id` (`category_id`);

--
-- AUTO_INCREMENT for dumped tables
--

--
-- AUTO_INCREMENT for table `apps`
--
ALTER TABLE `apps`
  MODIFY `id` int(10) NOT NULL AUTO_INCREMENT, AUTO_INCREMENT=308;
--
-- ダンプしたテーブルの制約
--

--
-- テーブルの制約 `apps`
--
ALTER TABLE `apps`
  ADD CONSTRAINT `apps_ibfk_1` FOREIGN KEY (`number_color_id`) REFERENCES `color` (`id`),
  ADD CONSTRAINT `apps_ibfk_2` FOREIGN KEY (`type_id`) REFERENCES `app_type` (`id`),
  ADD CONSTRAINT `apps_ibfk_3` FOREIGN KEY (`subcategory_id`) REFERENCES `subcategory` (`id`),
  ADD CONSTRAINT `apps_ibfk_4` FOREIGN KEY (`category_id`) REFERENCES `category` (`id`);

--
-- テーブルの制約 `category`
--
ALTER TABLE `category`
  ADD CONSTRAINT `category_ibfk_1` FOREIGN KEY (`color_id`) REFERENCES `color` (`id`);

--
-- テーブルの制約 `lesson`
--
ALTER TABLE `lesson`
  ADD CONSTRAINT `lesson_ibfk_1` FOREIGN KEY (`app_id`) REFERENCES `apps` (`id`);

--
-- テーブルの制約 `prologue_epilogue`
--
ALTER TABLE `prologue_epilogue`
  ADD CONSTRAINT `prologue_epilogue_ibfk_1` FOREIGN KEY (`category_id`) REFERENCES `category` (`id`);

--
-- テーブルの制約 `subcategory`
--
ALTER TABLE `subcategory`
  ADD CONSTRAINT `subcategory_ibfk_1` FOREIGN KEY (`category_id`) REFERENCES `category` (`id`);

/*!40101 SET CHARACTER_SET_CLIENT=@OLD_CHARACTER_SET_CLIENT */;
/*!40101 SET CHARACTER_SET_RESULTS=@OLD_CHARACTER_SET_RESULTS */;
/*!40101 SET COLLATION_CONNECTION=@OLD_COLLATION_CONNECTION */;
